year,team,player,position_raw,position_primary_code,position_primary_label,salary_usd,war
2025,NYM,Juan Soto,rf,rf,RF,61875000,5.8
2025,PHI,Zack Wheeler,rhp-s,rhp,RHP,42000000,4
2025,TEX,Jacob deGrom,rhp-s,rhp,RHP,40000000,3.4
2025,NYY,Aaron Judge,rf-dh,rf,RF,40000000,10.1
2025,NA,Anthony Rendon,3b,3b,3B,38571429,NA
2025,MIN,Carlos Correa,ss,ss,SS,37333333,2.6
2025,LAA,Mike Trout,cf,cf,CF,37116667,1.8
2025,NA,Gerrit Cole,rhp-s,rhp,RHP,36000000,NA
2025,HOU,Jose Altuve,2b-lf,2b,2B,33000000,2.1
2025,TEX,Corey Seager,ss,ss,SS,32500000,4
2025,LAD,Tyler Glasnow,rhp-s,rhp,RHP,32500000,1.6
2025,NYM,Francisco Lindor,ss,ss,SS,32477821,6.3
2025,NYY,Giancarlo Stanton,dh-rf,dh,DH,32000000,1.9
2025,ARI,Corbin Burnes,rhp-s,rhp,RHP,30962673,0.7
2025,NYM,Pete Alonso,1b,1b,1B,30000000,3.6
2025,STL,Nolan Arenado,3b,3b,3B,29534148,0.9
2025,TOR,Vladimir Guerrero Jr.,1b,1b,1B,28500000,3.9
2025,LAD,Shohei Ohtani,dh-rhp,dh,DH,28216944,9.4
2025,CHC,Dansby Swanson,ss,ss,SS,28000000,3.3
2025,NYY,Carlos Rodón,lhp-s,lhp,LHP,27833333,3.2
2025,NYY,Cody Bellinger,cf,cf,CF,27500000,4.9
2025,PHI,Trea Turner,ss,ss,SS,27272727,6.7
2025,BOS,Rafael Devers,dh-3b,dh,DH,27066581,3.3
2025,COL,Kris Bryant,rf,rf,RF,27000000,-0.5
2025,LAD,Blake Snell,lhp-s,lhp,LHP,26825953,1.9
2025,PHI,Bryce Harper,rf-1b,rf,RF,26538462,3.5
2025,LAD,Mookie Betts,ss,ss,SS,26173581,3.4
2025,TEX,Marcus Semien,2b,2b,2B,26000000,2.1
2025,BOS,Alex Bregman,3b,3b,3B,25944644,3.5
2025,SDP,Xander Bogaerts,ss,ss,SS,25454545,3.2
2025,SFG,Matt Chapman,3b,3b,3B,25166667,3.7
2025,STL,Sonny Gray,rhp-s,rhp,RHP,25000000,3.6
2025,SFG,Robbie Ray,lhp-s,lhp,LHP,25000000,2.2
2025,DET,Javier Báez,ss,ss,SS,25000000,1.4
2025,DET,Jack Flaherty,rhp-s,rhp,RHP,25000000,2.5
2025,PHI,Aaron Nola,rhp-s,rhp,RHP,24571429,0.9
2025,TOR,George Springer,rf,rf,RF,24166667,5.2
2025,SEA,Luis Castillo,rhp-s,rhp,RHP,24150000,2.6
2025,MIL,Christian Yelich,lf,lf,LF,24093136,2.4
2025,PHI,J.T. Realmuto,c,c,C,23875000,2.1
2025,TOR,Kevin Gausman,rhp-s,rhp,RHP,23000000,4.1
2025,LAD,Freddie Freeman,1b,1b,1B,22704674,3.9
2025,BOS,Trevor Story,2b,2b,2B,22500000,3
2025,NA,Jordan Montgomery,lhp-s,lhp,LHP,22500000,NA
2025,ATL,Chris Sale,lhp-s,lhp,LHP,22000000,3.6
2025,TEX,Nathan Eovaldi,rhp-s,rhp,RHP,22000000,3.7
2025,TOR,Chris Bassitt,rhp-s,rhp,RHP,22000000,2.4
2025,ATL,Matt Olson,1b,1b,1B,22000000,4.7
2025,ATL,Austin Riley,3b,3b,3B,22000000,1.7
2025,KCR,Salvador Perez,c,c,C,21849112,0.5
2025,MIN,Pablo López,rhp-s,rhp,RHP,21750000,1.8
2025,LAA,Yusei Kikuchi,lhp-s,lhp,LHP,21225000,2.5
2025,CIN,Nick Martinez,rhp-s,rhp,RHP,21050000,2.1
2025,SDP,Yu Darvish,rhp-s,rhp,RHP,21000000,0.4
2025,CHC,Ian Happ,lf,lf,LF,21000000,2.8
2025,NYM,Starling Marte,dh-rf,dh,DH,20750000,0.7
2025,SDP,Fernando Tatis Jr.,rf,rf,RF,20714286,6.1
2025,NYM,Brandon Nimmo,lf,lf,LF,20500000,3
2025,NYM,Sean Manaea,lhp-s,lhp,LHP,20212526,0.4
2025,SEA,Julio Rodríguez,cf,cf,CF,20185714,5.7
2025,PHI,Nick Castellanos,dh-of,dh,DH,20000000,-0.6
2025,PHI,Kyle Schwarber,lf-dh,lf,LF,20000000,4.9
2025,ARI,Eduardo Rodriguez,lhp-s,lhp,LHP,20000000,1.3
2025,ATH,Luis Severino,rhp-s,rhp,RHP,20000000,2.5
2025,NA,Joe Musgrove,rhp-s,rhp,RHP,20000000,NA
2025,HOU,Christian Walker,1b,1b,1B,20000000,1.1
2025,CLE,José Ramírez,3b,3b,3B,19000000,6.3
2025,NA,José O. Berríos,rhp-s,rhp,RHP,19000000,NA
2025,HOU,Josh Hader,lhp-c,lhp,LHP,19000000,1.1
2025,BOS,Lucas Giolito,rhp-s,rhp,RHP,19000000,2
2025,CHC,Seiya Suzuki,dh-rf,dh,DH,19000000,2.6
2025,BOS,Masataka Yoshida,lf,lf,LF,18600000,-0.1
2025,TEX,Joc Pederson,lf,lf,LF,18500000,-0.8
2025,NYY,Marcus Stroman,rhp-s,rhp,RHP,18500000,0.1
2025,NYM,Edwin Díaz,rhp-c,rhp,RHP,18331373,2
2025,BOS,Walker Buehler,rhp-s,rhp,RHP,18050000,-0.3
2025,KCR,Michael Wacha,rhp-s,rhp,RHP,18000000,3.6
2025,PHI,Taijuan Walker,rhp-s,rhp,RHP,18000000,0.5
2025,CHC,Jameson Taillon,rhp-s,rhp,RHP,18000000,1.1
2025,STL,Willson Contreras,1b-dh,1b,1B,18000000,2.8
2025,BAL,Zach Eflin,rhp-s,rhp,RHP,18000000,-0.3
2025,MIL,Rhys Hoskins,1b,1b,1B,18000000,0.9
2025,HOU,Framber Valdez,lhp-s,lhp,LHP,18000000,4
2025,HOU,Lance McCullers Jr.,rhp-s,rhp,RHP,17700000,-0.2
2025,STL,Miles Mikolas,rhp-s,rhp,RHP,17666667,0.3
2025,TOR,Bo Bichette,ss,ss,SS,17583333,3.8
2025,MIA,Sandy Alcantara,rhp-s,rhp,RHP,17300000,1.7
2025,SFG,Jung Hoo Lee,cf,cf,CF,17250000,2.4
2025,CHW,Andrew Benintendi,lf,lf,LF,17100000,0.2
2025,SDP,Manny Machado,3b,3b,3B,17090909,3.8
2025,LAD,Michael Conforto,dh-rf,dh,DH,17000000,-0.6
2025,NYM,Frankie Montas,rhp-s,rhp,RHP,17000000,0
2025,ATL,Ronald Acuña Jr.,rf,rf,RF,17000000,3.5
2025,ARI,Ketel Marte,2b,2b,2B,16600000,4.6
2025,TEX,Tyler Mahle,rhp-s,rhp,RHP,16500000,1.9
2025,BAL,Tyler O'Neill,lf,lf,LF,16500000,-0.3
2025,CHC,Kyle Tucker,rf,rf,RF,16500000,4.5
2025,ATL,Marcell Ozuna,dh,dh,DH,16000000,1.2
2025,ATL,Raisel Iglesias,rhp-c,rhp,RHP,16000000,1
2025,LAA,Jorge Soler,dh-rf,dh,DH,16000000,-0.3
2025,COL,Kyle Freeland,lhp-s,lhp,LHP,16000000,2.5
2025,CIN,Jeimer Candelario,3b,3b,3B,16000000,-0.7
2025,HOU,Yordan Alvarez,lf-dh,lf,LF,15833333,0.5
2025,NYM,Jeff McNeil,2b,2b,2B,15750000,2.1
2025,NYM,Kodai Senga,rhp-s,rhp,RHP,15666667,1.4
2025,TOR,Max Scherzer,rhp-s,rhp,RHP,15500000,0.4
2025,PIT,Mitch Keller,rhp-s,rhp,RHP,15411500,2.5
2025,MIN,Byron Buxton,cf,cf,CF,15142857,5
2025,SFG,Justin Verlander,rhp-s,rhp,RHP,15000000,2.2
2025,BAL,Charlie Morton,rhp-s,rhp,RHP,15000000,0.3
2025,NA,Alex Cobb,rhp-s,rhp,RHP,15000000,NA
2025,NYY,DJ LeMahieu,3b,3b,3B,15000000,0.3
2025,ARI,Eugenio Suárez,3b,3b,3B,15000000,3.8
2025,KCR,Seth Lugo,rhp-s,rhp,RHP,15000000,0.5
2025,DET,Gleyber Torres,2b,2b,2B,15000000,2.6
2025,ATL,Sean Murphy,c,c,C,15000000,2
2025,CHW,Luis Robert Jr.,cf,cf,CF,15000000,1.3
2025,CHC,Ryan Pressly,rhp,rhp,RHP,14700000,-0.3
2025,LAD,Teoscar Hernández,lf,lf,LF,14606604,0.6
2025,ATH,Max Muncy,3b,3b,3B,14500000,-0.4
2025,LAD,Max Muncy,3b,3b,3B,14500000,2.9
2025,NYY,Max Fried,lhp-s,lhp,LHP,14500000,4.8
2025,LAD,Yoshinobu Yamamoto,rhp-s,rhp,RHP,14166667,5
2025,ARI,Lourdes Gurriel Jr.,dh,dh,DH,14000000,0.8
2025,SDP,Luis Arraez,2b,2b,2B,14000000,0.9
2025,SDP,Dylan Cease,rhp-s,rhp,RHP,13750000,3.4
2025,CHC,Shota Imanaga,lhp-s,lhp,LHP,13750000,0.9
2025,ARI,Zac Gallen,rhp-s,rhp,RHP,13500000,1.1
2025,LAD,Will Smith,c,c,C,13477716,4.1
2025,SFG,Willy Adames,ss,ss,SS,13142857,4
2025,LAD,Kirby Yates,rhp,rhp,RHP,13000000,-0.1
2025,LAA,Tyler Anderson,lhp-s,lhp,LHP,13000000,0.1
2025,TEX,Jon Gray,rhp-s,rhp,RHP,13000000,-0.4
2025,LAD,Chris Taylor,lf-rf,lf,LF,13000000,-0.4
2025,NYM,Clay Holmes,rhp-s,rhp,RHP,13000000,1.9
2025,TBR,Ha-Seong Kim,ss,ss,SS,13000000,0.3
2025,BAL,Tomoyuki Sugano,rhp-s,rhp,RHP,13000000,0.1
2025,LAD,Tanner Scott,lhp-c,lhp,LHP,12789587,0
2025,NYY,Paul Goldschmidt,1b,1b,1B,12500000,0.8
2025,STL,Steven Matz,lhp-s,lhp,LHP,12500000,1.1
2025,SEA,Mitch Garver,c-dh,c,C,12500000,0
2025,SFG,Jordan Hicks,rhp-s,rhp,RHP,12500000,0.3
2025,PIT,Bryan Reynolds,rf,rf,RF,12250000,1.1
2025,CLE,Carlos Santana,1b-dh,1b,1B,12000000,0.3
2025,ATL,Jurickson Profar,lf,lf,LF,12000000,1.3
2025,CIN,Taylor Rogers,lhp,lhp,LHP,12000000,0.2
2025,COL,Antonio Senzatela,rhp-s,rhp,RHP,12000000,-0.1
2025,COL,Ryan McMahon,3b,3b,3B,12000000,1.9
2025,SFG,Logan Webb,rhp-s,rhp,RHP,12000000,5.5
2025,HOU,Rafael Montero,rhp,rhp,RHP,11500000,0.1
2025,CHC,Nico Hoerner,2b,2b,2B,11500000,4.8
2025,SEA,Randy Arozarena,lf,lf,LF,11300000,2.9
2025,SDP,Jake Cronenworth,1b,1b,1B,11285714,2.9
2025,LAA,Robert Stephenson,rhp,rhp,RHP,11000000,0.1
2025,SEA,J.P. Crawford,ss,ss,SS,11000000,2.8
2025,NYM,A.J. Minter,lhp,lhp,LHP,11000000,0.3
2025,ARI,Josh Naylor,1b,1b,1B,10900000,3.1
2025,BOS,Aroldis Chapman,lhp,lhp,LHP,10750000,2.6
2025,TOR,Andrés Giménez,2b,2b,2B,10571429,1
2025,TOR,Chad Green,rhp,rhp,RHP,10500000,-0.9
2025,TBR,Brandon Lowe,2b,2b,2B,10500000,1.7
2025,ATH,Jeffrey Springs,lhp-s,lhp,LHP,10500000,1.7
2025,TEX,Adolis García,rf,rf,RF,10500000,0.7
2025,TOR,Anthony Santander,rf,rf,RF,10471465,-0.9
2025,HOU,Cristian Javier,rhp-s,rhp,RHP,10400000,0.9
2025,WSN,Nathaniel Lowe,1b,1b,1B,10300000,-0.3
2025,DET,Tarik Skubal,lhp-s,lhp,LHP,10150000,6.6
2025,LAA,Kenley Jansen,rhp-c,rhp,RHP,10000000,0.6
2025,MIN,Christian Vázquez,c,c,C,10000000,0.3
2025,DET,Kenta Maeda,rhp,rhp,RHP,10000000,-0.1
2025,PHI,Max Kepler,lf,lf,LF,10000000,0.6
2025,NA,Matt Boyd,lhp-s,lhp,LHP,10000000,NA
2025,ATH,José Leclerc,rhp,rhp,RHP,10000000,-0.3
2025,COL,Germán Márquez,rhp-s,rhp,RHP,10000000,0.3
2025,KCR,Carlos Estévez,rhp-c,rhp,RHP,10000000,1.1
2025,TBR,Yandy Díaz,1b,1b,1B,10000000,2.9
2025,TOR,Shane Bieber,rhp-s,rhp,RHP,10000000,0.3
2025,SDP,Robert Suarez,rhp,rhp,RHP,10000000,1.9
2025,SFG,Mike Yastrzemski,cf,cf,CF,9250000,2.3
2025,PHI,José Alvarado,lhp,lhp,LHP,9166667,0.3
2025,NA,Joe Jiménez,rhp,rhp,RHP,9000000,NA
2025,BAL,Andrew Kittredge,rhp,rhp,RHP,9000000,0.8
2025,WSN,Michael Soroka,rhp-s,rhp,RHP,9000000,1.1
2025,PHI,Ranger Suárez,lhp-s,lhp,LHP,8800000,4
2025,CIN,Brady Singer,rhp-s,rhp,RHP,8750000,2.9
2025,BAL,Cedric Mullins,cf,cf,CF,8725000,1.3
2025,NYY,Devin Williams,rhp-c,rhp,RHP,8600000,1.4
2025,LAD,Blake Treinen,rhp,rhp,RHP,8500000,-0.1
2025,BAL,Gary Sánchez,c,c,C,8500000,-0.2
2025,PHI,Jordan Romano,rhp-c,rhp,RHP,8500000,-0.4
2025,LAD,Tommy Edman,2b-cf,2b,2B,8400000,1.2
2025,STL,Ryan Helsley,rhp-c,rhp,RHP,8200000,0.2
2025,TOR,Daulton Varsho,lf,lf,LF,8200000,2.2
2025,KCR,Bobby Witt Jr.,ss,ss,SS,8111111,8
2025,CIN,Emilio Pagán,rhp,rhp,RHP,8000000,1
2025,ATL,Reynaldo López,rhp,rhp,RHP,8000000,-0.1
2025,BAL,Seranthony Domínguez,rhp,rhp,RHP,8000000,0.9
2025,MIL,Freddy Peralta,rhp-s,rhp,RHP,8000000,3.6
2025,TBR,Danny Jansen,c,c,C,8000000,1.3
2025,BAL,Ryan O'Hearn,1b-of,1b,1B,8000000,3
2025,MIL,Aaron Civale,rhp-s,rhp,RHP,8000000,0.9
2025,ATL,Michael Harris II,cf,cf,CF,8000000,1.4
2025,CLE,Lane Thomas,rf,rf,RF,7825000,-0.5
2025,LAA,Taylor Ward,lf,lf,LF,7825000,2.9
2025,DET,Tommy Kahnle,rhp,rhp,RHP,7750000,-0.2
2025,PHI,Alec Bohm,3b,3b,3B,7700000,1.7
2025,TOR,Jeff Hoffman,rhp-s,rhp,RHP,7666667,-0.4
2025,SEA,Logan Gilbert,rhp-s,rhp,RHP,7625000,2.6
2025,MIL,Nestor Cortes,lhp-s,lhp,LHP,7600000,-0.9
2025,KCR,Hunter Renfroe,rf,rf,RF,7570000,-0.9
2025,LAD,Clayton Kershaw,lhp-s,lhp,LHP,7500000,2.5
2025,TOR,Yimi García,rhp,rhp,RHP,7500000,0.1
2025,PHI,Matt Strahm,lhp,lhp,LHP,7500000,1.5
2025,NYM,Jesse Winker,dh-lf,dh,DH,7500000,-0.1
2025,PIT,Isiah Kiner-Falefa,ss,ss,SS,7500000,0.7
2025,MIN,Chris Paddack,rhp-s,rhp,RHP,7500000,0.7
2025,STL,Erick Fedde,rhp-s,rhp,RHP,7500000,-0.2
2025,KCR,Jonathan India,2b,2b,2B,7050000,-0.3
2025,WSN,Trevor Williams,rhp-s,rhp,RHP,7000000,1.2
2025,SEA,Jorge Polanco,3b,3b,3B,7000000,2.6
2025,ATL,Ozzie Albies,2b,2b,2B,7000000,1.3
2025,ARI,Merrill Kelly,rhp-s,rhp,RHP,7000000,3.1
2025,ATL,Pierce Johnson,rhp,rhp,RHP,7000000,0.3
2025,PIT,Ke'Bryan Hayes,3b,3b,3B,7000000,1.4
2025,NA,Yariel Rodriguez,rhp-s,rhp,RHP,7000000,NA
2025,BAL,Ryan Mountcastle,1b,1b,1B,6787000,-0.4
2025,NA,Jesus Lúzardo,lhp-s,lhp,LHP,6625000,NA
2025,HOU,Isaac Paredes,3b,3b,3B,6625000,2.5
2025,CHC,Justin Steele,lhp-s,lhp,LHP,6550000,0
2025,NA,Kiké Hernández,ss-cf,ss,SS,6500000,NA
2025,BAL,Willi Castro,2b-of,2b,2B,6400000,0.6
2025,COL,Austin Gomber,lhp-s,lhp,LHP,6350000,-0.4
2025,CIN,Hunter Greene,rhp-s,rhp,RHP,6333333,2.9
2025,LAD,Evan Phillips,rhp,rhp,RHP,6100000,0.2
2025,LAA,Travis d'Arnaud,c,c,C,6000000,-0.3
2025,BOS,Liam Hendriks,rhp-c,rhp,RHP,6000000,0
2025,WSN,Josh Bell,dh-1b,dh,DH,6000000,0.1
2025,HOU,Victor Caratini,c,c,C,6000000,0.8
2025,CLE,Paul Sewald,rhp,rhp,RHP,6000000,0
2025,TOR,Myles Straw,cf,cf,CF,6000000,1.8
2025,MIL,William Contreras,c,c,C,6000000,3.6
2025,LAA,Luis Rengifo,2b,2b,2B,5950000,0
2025,PIT,David Bednar,rhp-c,rhp,RHP,5900000,2
2025,NYY,Jazz Chisholm Jr.,2b,2b,2B,5850000,4.4
2025,CHW,Andrew Vaughn,1b,1b,1B,5850000,0.6
2025,TEX,Kyle Higashioka,c,c,C,5750000,1
2025,TBR,Zack Littell,rhp-s,rhp,RHP,5720000,1.5
2025,ARI,Corbin Carroll,lf,lf,LF,5625000,6.5
2025,KCR,Michael Lorenzen,rhp-of,rhp,RHP,5500000,1.2
2025,TEX,Chris Martin,rhp,rhp,RHP,5500000,0.6
2025,NA,Patrick Sandoval,lhp-s,lhp,LHP,5500000,NA
2025,BOS,Garrett Whitlock,rhp,rhp,RHP,5500000,2.2
2025,BAL,Adley Rutschman,c,c,C,5500000,1.2
2025,SDP,Yuki Matsui,lhp,lhp,LHP,5500000,-0.3
2025,LAD,Tony Gonsolin,rhp-s,rhp,RHP,5400000,-0.1
2025,WSN,Keibert Ruiz,c,c,C,5375000,-1
2025,BAL,Gregory Soto,lhp,lhp,LHP,5350000,0.7
2025,BAL,Kyle Gibson,rhp-s,rhp,RHP,5250000,-0.6
2025,PIT,Andrew Heaney,lhp-s,lhp,LHP,5250000,-0.3
2025,BAL,Tyler Rogers,rhp,rhp,RHP,5250000,1.3
2025,WSN,Kyle Finnegan,rhp-c,rhp,RHP,5227727,1.2
2025,LAD,Michael Kopech,rhp,rhp,RHP,5200000,0
2025,PIT,Andrew McCutchen,dh-of,dh,DH,5000000,-0.1
2025,LAD,Miguel Rojas,ss,ss,SS,5000000,1.5
2025,LAA,Yoán Moncada,3b,3b,3B,5000000,0.7
2025,CHC,Carson Kelly,c,c,C,5000000,2.6
2025,MIL,Brandon Woodruff,rhp-s,rhp,RHP,5000000,1.8
2025,NYY,Jonathan Loáisiga,rhp,rhp,RHP,5000000,-0.5
2025,NYY,Trent Grisham,cf,cf,CF,5000000,3.2
2025,SFG,LaMonte Wade Jr.,1b,1b,1B,5000000,-1.6
2025,HOU,Mauricio Dubón,2b,2b,2B,5000000,2.2
2025,CIN,Tyler Stephenson,c,c,C,4925000,1.1
2025,CLE,Emmanuel Clase,rhp-c,rhp,RHP,4900000,1.1
2025,SDP,Jason Adam,rhp,rhp,RHP,4800000,1.2
2025,MIN,Harrison Bader,cf,cf,CF,4750000,3.2
2025,NA,Leody Taveras,cf,cf,CF,4750000,NA
2025,NYM,David Peterson,lhp-s,lhp,LHP,4625000,3.1
2025,TOR,Alejandro Kirk,c,c,C,4600000,4.7
2025,TEX,Jonah Heim,c,c,C,4575000,-0.5
2025,MIN,Ryan Jeffers,c,c,C,4550000,2.1
2025,SFG,Camilo Doval,rhp-c,rhp,RHP,4525000,0.6
2025,KCR,Chris Stratton,rhp,rhp,RHP,4500000,-0.1
2025,CHC,Ryan Brasier,rhp,rhp,RHP,4500000,0.3
2025,NYM,Ryne Stanek,rhp,rhp,RHP,4500000,0.1
2025,CLE,Jakob Junis,rhp-s,rhp,RHP,4500000,0.6
2025,WSN,Luis García Jr.,2b,2b,2B,4500000,0.7
2025,MIA,Jesús Sánchez,of,of,OF,4500000,1
2025,NA,Alexis Díaz,rhp-c,rhp,RHP,4500000,NA
2025,SEA,George Kirby,rhp-s,rhp,RHP,4300000,2.4
2025,SDP,Wandy Peralta,lhp,lhp,LHP,4250000,0.5
2025,NYM,Griffin Canning,rhp-s,rhp,RHP,4250000,0.9
2025,CHC,Colin Rea,rhp,rhp,RHP,4250000,1.9
2025,MIL,Jackson Chourio,of,of,OF,4250000,2.9
2025,COL,Ezequiel Tovar,ss,ss,SS,4214286,0.8
2025,CLE,Steven Kwan,lf,lf,LF,4175000,3.2
2025,SEA,Victor Robles,cf,cf,CF,4125000,-0.2
2025,MIN,Jhoan Duran,rhp-c,rhp,RHP,4125000,2.1
2025,HOU,Jeremy Peña,ss,ss,SS,4100000,5.7
2025,NYM,Paul Blackburn,rhp-s,rhp,RHP,4050000,0.2
2025,PIT,Tommy Pham,lf,lf,LF,4025000,0.2
2025,CHC,Justin Turner,1b-3b,1b,1B,4000000,-0.3
2025,CLE,Austin Hedges,c,c,C,4000000,1.2
2025,NA,Tom Murphy,c,c,C,4000000,NA
2025,PHI,Joe Ross,rhp-s,rhp,RHP,4000000,-0.1
2025,COL,Tyler Kinley,rhp,rhp,RHP,4000000,0.9
2025,BAL,Ramón Laureano,rf,rf,RF,4000000,3
2025,CIN,Austin Hays,lf,lf,LF,4000000,1.2
2025,SDP,Michael King,rhp-s,rhp,RHP,4000000,0.8
2025,ATH,Brent Rooker,dh-lf,dh,DH,4000000,2.4
2025,ATL,Spencer Strider,rhp-s,rhp,RHP,4000000,0.9
2025,BOS,Tanner Houck,rhp,rhp,RHP,3950000,-0.3
2025,SEA,Dylan Moore,3b,3b,3B,3908333,-0.1
2025,DET,Colt Keith,1b,1b,1B,3833333,1.6
2025,TBR,Pete Fairbanks,rhp-c,rhp,RHP,3816667,1
2025,BOS,Garrett Crochet,lhp-s,lhp,LHP,3800000,5.8
2025,BOS,Jarren Duran,cf,cf,CF,3750000,3.9
2025,KCR,Hunter Harvey,rhp,rhp,RHP,3700000,0.5
2025,NA,Shane McClanahan,lhp-s,lhp,LHP,3600000,NA
2025,NYY,Clarke Schmidt,rhp-s,rhp,RHP,3600000,1.3
2025,BAL,Jorge Mateo,ss,ss,SS,3550000,-0.6
2025,MIN,Bailey Ober,rhp-s,rhp,RHP,3550000,1.2
2025,CHW,Martín Pérez,lhp-s,lhp,LHP,3500000,0.8
2025,SFG,Wilmer Flores,2b-3b,2b,2B,3500000,-0.2
2025,SEA,Donovan Solano,2b-3b,2b,2B,3500000,0
2025,LAD,Austin Barnes,c,c,C,3500000,-0.3
2025,ATL,Aaron Bummer,lhp,lhp,LHP,3500000,0.4
2025,MIA,Cal Quantrill,rhp-s,rhp,RHP,3500000,0.4
2025,CHW,Josh Rojas,2b,2b,2B,3500000,-1.3
2025,HOU,Bryan Abreu,rhp,rhp,RHP,3450000,2.2
2025,MIL,Aaron Ashby,lhp,lhp,LHP,3450000,1.2
2025,CIN,Jose Trevino,c,c,C,3425000,0.3
2025,HOU,Chas McCormick,cf,cf,CF,3400000,-0.2
2025,CLE,Tanner Bibee,rhp-s,rhp,RHP,3400000,1.9
2025,CIN,Gavin Lux,2b,2b,2B,3325000,0.3
2025,COL,Thairo Estrada,2b,2b,2B,3250000,-0.3
2025,PHI,Bryson Stott,2b,2b,2B,3200000,3.1
2025,BAL,Ramón Urías,2b,2b,2B,3150000,1.1
2025,NA,Jason Foley,rhp-c,rhp,RHP,3150000,NA
2025,CIN,Jake Fraley,dh,dh,DH,3125000,0.3
2025,NYM,Tyrone Taylor,of,of,OF,3025000,0.8
2025,DET,Matt Vierling,rf,rf,RF,3005000,0
2025,NA,José Iglesias,ss,ss,SS,3000000,NA
2025,WSN,Jorge López,rhp,rhp,RHP,3000000,0.3
2025,PIT,Caleb Ferguson,lhp,lhp,LHP,3000000,0.8
2025,WSN,Lucas Sims,rhp,rhp,RHP,3000000,-0.5
2025,NA,Daniel Coulombe,lhp,lhp,LHP,3000000,NA
2025,TOR,Erik Swanson,rhp,rhp,RHP,3000000,-0.2
2025,ATH,Miguel Andujar,lf,lf,LF,3000000,1.1
2025,PHI,Edmundo Sosa,ss,ss,SS,3000000,1.6
2025,KCR,Kris Bubic,lhp-s,lhp,LHP,3000000,3.3
2025,PHI,Brandon Marsh,cf,cf,CF,3000000,2.4
2025,MIN,Randy Dobnak,rhp,rhp,RHP,3000000,-0.1
2025,MIN,Joe Ryan,rhp-s,rhp,RHP,3000000,3.1
2025,MIL,Joel Payamps,rhp,rhp,RHP,2995000,-0.1
2025,ARI,Ryan Thompson,rhp,rhp,RHP,2965000,0.2
2025,ARI,A.J. Puk,lhp-s,lhp,LHP,2950000,0
2025,BAL,Dean Kremer,rhp-s,rhp,RHP,2950000,2.6
2025,STL,Lars Nootbaar,lf,lf,LF,2950000,0.8
2025,WSN,MacKenzie Gore,lhp-s,lhp,LHP,2890000,2.9
2025,STL,Brendan Donovan,2b,2b,2B,2850000,2.9
2025,LAD,Hyeseong Kim,2b,2b,2B,2833333,0.8
2025,NA,Brusdar Graterol,rhp-c,rhp,RHP,2800000,NA
2025,CHC,Caleb Thielbar,lhp,lhp,LHP,2750000,1.1
2025,NA,Derek Law,rhp,rhp,RHP,2750000,NA
2025,NA,Kutter Crawford,rhp-s,rhp,RHP,2750000,NA
2025,ATH,Seth Brown,1b-of,1b,1B,2700000,-0.4
2025,SEA,Andrés Muñoz,rhp,rhp,RHP,2687500,1.9
2025,ATH,Lawrence Butler,rf,rf,RF,2678571,2
2025,SEA,Cal Raleigh,c,c,C,2666667,9.1
2025,BOS,Brayan Bello,rhp-s,rhp,RHP,2666667,1.9
2025,KCR,MJ Melendez,rf-lf,rf,RF,2650000,-0.6
2025,DET,Jake Rogers,c,c,C,2640000,0.3
2025,BAL,Trevor Rogers,lhp-s,lhp,LHP,2600000,3.3
2025,ARI,Geraldo Perdomo,ss,ss,SS,2550000,7.1
2025,LAA,Kyle Hendricks,rhp-s,rhp,RHP,2500000,1.8
2025,NYY,Luke Weaver,rhp,rhp,RHP,2500000,0.5
2025,SDP,Nick Pivetta,rhp-s,rhp,RHP,2500000,3.7
2025,COL,Kyle Farmer,2b,2b,2B,2500000,-1.1
2025,NYY,Tim Hill,lhp,lhp,LHP,2500000,0
2025,LAA,Kevin Newman,ss,ss,SS,2500000,-0.8
2025,TEX,Hoby Milner,lhp,lhp,LHP,2500000,1
2025,ARI,Kevin Ginkel,rhp,rhp,RHP,2425000,0.2
2025,CIN,Santiago Espinal,2b,2b,2B,2400000,-0.3
2025,NYM,Jose Siri,cf,cf,CF,2400000,-0.4
2025,MIN,Griffin Jax,rhp,rhp,RHP,2365000,1.7
2025,BAL,Kyle Bradish,rhp-s,rhp,RHP,2350000,1.1
2025,DET,Casey Mize,rhp-s,rhp,RHP,2340000,2.4
2025,KCR,John Schreiber,rhp,rhp,RHP,2300000,0.3
2025,NA,Trevor Stephan,rhp,rhp,RHP,2300000,NA
2025,HOU,Jake Meyers,lf,lf,LF,2300000,2.3
2025,ATL,Jarred Kelenic,lf,lf,LF,2300000,-0.5
2025,COL,Ryan Feltner,rhp-s,rhp,RHP,2275000,0.4
2025,STL,JoJo Romero,lhp,lhp,LHP,2260000,0.9
2025,BOS,Justin Wilson,lhp,lhp,LHP,2250000,1
2025,CIN,Brent Suter,lhp,lhp,LHP,2250000,0.1
2025,DET,John Brebbia,rhp,rhp,RHP,2250000,-0.2
2025,TBR,Drew Rasmussen,rhp-s,rhp,RHP,2250000,2.5
2025,LAD,Alex Vesia,lhp,lhp,LHP,2250000,1
2025,CLE,Ben Lively,rhp-s,rhp,RHP,2250000,0.4
2025,PIT,Bailey Falter,lhp-s,lhp,LHP,2222000,0.5
2025,BAL,Cionel Pérez,lhp,lhp,LHP,2200000,-0.2
2025,NA,Alek Manoah,rhp-s,rhp,RHP,2200000,NA
2025,ATH,Gio Urshela,3b,3b,3B,2150000,-0.4
2025,LAD,Dustin May,rhp-s,rhp,RHP,2135000,0.8
2025,BOS,Rob Refsnyder,2b-of,2b,2B,2100000,1
2025,LAA,Jo Adell,of,of,OF,2100000,1.2
2025,MIN,Trevor Larnach,lf,lf,LF,2100000,0.2
2025,STL,Andre Pallante,rhp,rhp,RHP,2100000,0.7
2025,BAL,Tyler Wells,rhp-s,rhp,RHP,2075000,0.3
2025,NYY,Mark Leiter Jr.,rhp,rhp,RHP,2050000,0.6
2025,NA,José Quintana,lhp-s,lhp,LHP,2000000,NA
2025,KCR,Randal Grichuk,cf,cf,CF,2000000,-0.4
2025,NA,Hector Neris,rhp,rhp,RHP,2000000,NA
2025,NA,Orlando Arcia,ss,ss,SS,2000000,NA
2025,NA,Scott Alexander,lhp,lhp,LHP,2000000,NA
2025,WSN,Amed Rosario,ss,ss,SS,2000000,0.4
2025,STL,Phil Maton,rhp,rhp,RHP,2000000,1.5
2025,NA,Jacob Stallings,c,c,C,2000000,NA
2025,NYY,Ryan Yarbrough,lhp-s,lhp,LHP,2000000,0.1
2025,CHC,Jon Berti,lf-3b,lf,LF,2000000,-0.5
2025,KCR,Cavan Biggio,2b,2b,2B,2000000,-0.2
2025,HOU,Brendan Rodgers,ss,ss,SS,2000000,-0.3
2025,SEA,Trent Thornton,rhp-s,rhp,RHP,2000000,-0.3
2025,SDP,Adrian Morejon,lhp,lhp,LHP,2000000,2.2
2025,PHI,Cristopher Sánchez,lhp-s,lhp,LHP,2000000,6.4
2025,NYM,Tylor Megill,rhp,rhp,RHP,1975000,1.5
2025,CIN,Nick Lodolo,lhp-s,lhp,LHP,1975000,2.8
2025,TOR,Ernie Clement,ss,ss,SS,1970000,3.2
2025,CHW,Michael A. Taylor,cf,cf,CF,1950000,-0.1
2025,CHW,Mike Tauchman,cf,cf,CF,1950000,1.4
2025,CLE,Triston McKenzie,rhp,rhp,RHP,1950000,-0.1
2025,MIA,Edward Cabrera,rhp-s,rhp,RHP,1950000,2
2025,MIL,Trevor Megill,rhp,rhp,RHP,1940000,1.6
2025,ARI,Justin Martinez,rhp-c,rhp,RHP,1900000,0.1
2025,HOU,Luis Garcia,rhp-s,rhp,RHP,1875000,0.1
2025,MIA,Nick Fortes,c,c,C,1860000,1
2025,LAA,Reid Detmers,lhp,lhp,LHP,1825000,1.2
2025,NYY,JT Brubaker,rhp,rhp,RHP,1820000,0.4
2025,ATH,T.J. McFarland,lhp,lhp,LHP,1800000,-0.1
2025,NA,Kyle Wright,rhp-s,rhp,RHP,1800000,NA
2025,CHW,Austin Slater,of,of,OF,1750000,0
2025,KCR,Kyle Isbel,cf,cf,CF,1750000,1.1
2025,PIT,Joey Bart,c,c,C,1750000,1.3
2025,ARI,Joe Mantiply,lhp,lhp,LHP,1700000,-0.5
2025,DET,Zach McKinstry,2b,2b,2B,1650000,3.2
2025,TOR,Nick Sandlin,rhp,rhp,RHP,1630000,0
2025,MIN,Royce Lewis,3b-dh,3b,3B,1625000,1
2025,STL,John King,lhp,lhp,LHP,1605000,-0.4
2025,SDP,Gavin Sheets,1b,1b,1B,1600000,1.3
2025,PIT,Tim Mayza,lhp,lhp,LHP,1550000,0
2025,NA,Braxton Garrett,lhp,lhp,LHP,1530000,NA
2025,PIT,Adam Frazier,2b-of,2b,2B,1525000,0.7
2025,NYY,Carlos Carrasco,rhp-s,rhp,RHP,1500000,-0.2
2025,NA,Luis García,rhp,rhp,RHP,1500000,NA
2025,SDP,Elias Díaz,c,c,C,1500000,0.4
2025,CHW,Mike Clevinger,rhp-s,rhp,RHP,1500000,-0.1
2025,TEX,Luke Jackson,rhp,rhp,RHP,1500000,-0.2
2025,SFG,Lou Trivino,rhp,rhp,RHP,1500000,0
2025,ATL,Alex Verdugo,lf,lf,LF,1500000,-0.9
2025,CHC,Brad Keller,rhp,rhp,RHP,1500000,1.3
2025,CIN,Scott Barlow,rhp,rhp,RHP,1500000,0.1
2025,ARI,Garrett Hampson,2b-of,2b,2B,1500000,-0.2
2025,SEA,Rowdy Tellez,1b,1b,1B,1500000,0
2025,NA,Jorge Alcala,rhp,rhp,RHP,1500000,NA
2025,NYM,Luis Torrens,c,c,C,1500000,1.4
2025,ARI,Pavin Smith,1b,1b,1B,1500000,0.7
2025,PIT,Colin Holderman,rhp,rhp,RHP,1500000,-0.5
2025,WSN,Shinnosuke Ogasawara,lhp,lhp,LHP,1500000,-0.5
2025,BAL,Keegan Akin,lhp,lhp,LHP,1475000,-0.5
2025,TBR,Shane Baz,rhp-s,rhp,RHP,1450000,2
2025,MIA,Anthony Bender,rhp,rhp,RHP,1420000,0.4
2025,KCR,Mark Canha,lf,lf,LF,1400000,-0.7
2025,TOR,Jacob Barnes,rhp,rhp,RHP,1400000,0
2025,WSN,Colin Poche,lhp,lhp,LHP,1400000,-0.2
2025,PIT,Dennis Santana,rhp,rhp,RHP,1400000,1.2
2025,MIL,Jake Bauers,1b,1b,1B,1400000,0.8
2025,MIA,Enyel De Los Santos,rhp,rhp,RHP,1400000,0.4
2025,DET,Will Vest,rhp,rhp,RHP,1400000,1.8
2025,DET,Andy Ibáñez,3b,3b,3B,1400000,0.4
2025,SDP,Yuli Gurriel,1b,1b,1B,1350000,-0.4
2025,NA,Nick Madrigal,2b,2b,2B,1350000,NA
2025,CHC,Nate Pearson,rhp,rhp,RHP,1350000,-0.2
2025,MIL,Eric Haase,c,c,C,1350000,0.3
2025,TBR,Taylor Walls,ss,ss,SS,1350000,0.3
2025,NA,Josiah Gray,rhp-s,rhp,RHP,1350000,NA
2025,NA,Sam Hentges,lhp,lhp,LHP,1337500,NA
2025,DET,Manuel Margot,rf,rf,RF,1300000,-0.1
2025,CIN,Ian Gibaut,rhp,rhp,RHP,1300000,0.1
2025,NA,Jacob Waguespack,rhp,rhp,RHP,1300000,NA
2025,ARI,Kendall Graveman,rhp,rhp,RHP,1250000,-0.2
2025,LAA,Tim Anderson,ss,ss,SS,1250000,0.1
2025,TEX,Shawn Armstrong,rhp,rhp,RHP,1250000,1.4
2025,ARI,Jalen Beeks,lhp,lhp,LHP,1250000,0.2
2025,TEX,Jacob Webb,rhp,rhp,RHP,1250000,0.2
2025,COL,Mickey Moniak,of,of,OF,1250000,0.6
2025,BOS,Ceddanne Rafaela,cf-inf,cf,CF,1250000,3.8
2025,PHI,José Ruiz,rhp,rhp,RHP,1225000,-0.2
2025,CHC,Julian Merryweather,rhp,rhp,RHP,1225000,-0.1
2025,HOU,Steven Okert,lhp,lhp,LHP,1200000,1.6
2025,TBR,Garrett Cleavinger,lhp,lhp,LHP,1200000,0.7
2025,PHI,Carlos Hernández,rhp,rhp,RHP,1160000,0.1
2025,PIT,Ryan Borucki,lhp,lhp,LHP,1150000,0
2025,LAA,Brock Burke,lhp,lhp,LHP,1150000,0.3
2025,LAD,Ben Rortvedt,c,c,C,1125000,-0.5
2025,TEX,Patrick Corbin,lhp-s,lhp,LHP,1100000,1.9
2025,ATH,Luis Urías,3b,3b,3B,1100000,0.1
2025,CIN,Austin Wynns,c,c,C,1100000,1
2025,NA,Josh Sborz,rhp,rhp,RHP,1100000,NA
2025,ATL,José Suarez,lhp-s,lhp,LHP,1100000,0.2
2025,KCR,Cole Ragans,lhp-s,lhp,LHP,1083333,2.1
2025,CHW,Bryse Wilson,rhp-s,rhp,RHP,1050000,-0.5
2025,ATL,Dylan Lee,lhp,lhp,LHP,1025000,0.3
2025,DET,Beau Brieske,rhp,rhp,RHP,1025000,-0.5
2025,CIN,Sam Moll,lhp,lhp,LHP,1007500,-0.1
2025,SDP,Jason Heyward,rf,rf,RF,1000000,-0.5
2025,SDP,Martín Maldonado,c,c,C,1000000,-0.8
2025,TEX,Kevin Pillar,cf,cf,CF,1000000,-0.3
2025,ARI,Shelby Miller,rhp,rhp,RHP,1000000,0.6
2025,CHW,Travis Jankowski,cf,cf,CF,1000000,-0.1
2025,WSN,Paul DeJong,3b,3b,3B,1000000,0.2
2025,NA,Drew Smith,rhp,rhp,RHP,1000000,NA
2025,NA,John Means,lhp-s,lhp,LHP,1000000,NA
2025,MIN,Ty France,1b,1b,1B,1000000,0.9
2025,DET,José Urquidy,rhp-s,rhp,RHP,1000000,0
2025,BOS,Sean Newcomb,lhp-s,lhp,LHP,1000000,1.7
2025,MIL,Tyler Alexander,lhp-s,lhp,LHP,1000000,1.3
2025,MIN,Michael Tonkin,rhp,rhp,RHP,1000000,-0.1
2025,MIN,Justin Topa,rhp,rhp,RHP,1000000,0.9
2025,NA,Connor Joe,1b-of,1b,1B,1000000,NA
2025,LAD,Anthony Banda,lhp,lhp,LHP,1000000,0.1
2025,CHW,Matt Thaiss,c,c,C,1000000,0.6
2025,TOR,Richard Lovelady,lhp,lhp,LHP,1000000,-0.3
2025,NA,Felix Bautista,rhp-c,rhp,RHP,1000000,NA
2025,SDP,Luis Campusano,c,c,C,1000000,-0.4
2025,CIN,Tony Santillan,rhp,rhp,RHP,1000000,1.1
2025,BOS,Cooper Criswell,rhp,rhp,RHP,1000000,0
2025,SDP,Kyle Hart,lhp-s,lhp,LHP,1000000,-0.2
2025,BAL,Dylan Carlson,cf,cf,CF,975000,-0.4
2025,PIT,Justin Lawrence,rhp,rhp,RHP,975000,0.5
2025,MIL,Nick Mears,rhp,rhp,RHP,963000,0.5
2025,CHC,Eli Morgan,rhp,rhp,RHP,950000,-0.3
2025,KCR,Sam Long,lhp,lhp,LHP,950000,-0.4
2025,NYM,Reed Garrett,rhp,rhp,RHP,950000,0.8
2025,NYY,Ian Hamilton,rhp,rhp,RHP,941050,0
2025,SEA,Tayler Saucedo,lhp,lhp,LHP,937500,-0.1
2025,PHI,Garrett Stubbs,c,c,C,925000,0
2025,TBR,Cole Sulser,rhp,rhp,RHP,900000,0.4
2025,NA,Justin Anderson,rhp,rhp,RHP,900000,NA
2025,NYY,Pablo Reyes,2b-of,2b,2B,900000,-0.4
2025,CHW,Nick Maton,3b,3b,3B,900000,-0.1
2025,CHW,Tyler Gilbert,lhp,lhp,LHP,900000,0.4
2025,NA,Elvin Rodríguez,rhp,rhp,RHP,900000,NA
2025,SEA,Eduard Bazardo,rhp,rhp,RHP,892700,0.5
2025,NYY,Anthony Volpe,ss,ss,SS,879100,1
2025,PIT,Paul Skenes,rhp-s,rhp,RHP,875000,6.5
2025,MIA,Brock Stewart,rhp,rhp,RHP,870000,0.7
2025,HOU,Hunter Brown,rhp-s,rhp,RHP,870000,4.6
2025,ATL,Bryan De La Cruz,lf,lf,LF,860000,-0.4
2025,LAA,Nicky Lopez,2b,2b,2B,850000,-0.3
2025,PIT,Johan Oviedo,rhp-s,rhp,RHP,850000,0.2
2025,COL,Jimmy Herget,rhp,rhp,RHP,850000,1.3
2025,WSN,Riley Adams,c,c,C,850000,-0.6
2025,COL,Nick Martini,1b-lf,1b,1B,850000,-0.5
2025,SEA,Gabe Speier,lhp,lhp,LHP,845000,1.7
2025,NA,Jake Cousins,rhp,rhp,RHP,841050,NA
2025,MIA,Derek Hill,cf,cf,CF,831000,0.7
2025,MIA,Jesus Tinoco,rhp,rhp,RHP,831000,0.2
2025,NYY,Oswaldo Cabrera,3b,3b,3B,825600,0.1
2025,ARI,Kyle Nelson,lhp,lhp,LHP,825000,-0.2
2025,ARI,Ryne Nelson,rhp-s,rhp,RHP,825000,2.1
2025,NA,Albert Suarez,rhp,rhp,RHP,825000,NA
2025,NYM,Danny Young,lhp,lhp,LHP,825000,0.2
2025,WSN,Andrés Chaparro,3b,3b,3B,821800,-0.4
2025,MIA,Connor Gillispie,rhp,rhp,RHP,820000,0
2025,TBR,Edwin Uceta,rhp,rhp,RHP,815000,0.9
2025,DET,Riley Greene,lf,lf,LF,812400,2.9
2025,SDP,Jackson Merrill,cf-ss,cf,CF,809500,3
2025,HOU,Yainer Diaz,c,c,C,805600,1.6
2025,NYY,Luis Gil,rhp-s,rhp,RHP,804125,0.6
2025,ARI,Jake McCarthy,rf,rf,RF,803900,-0.1
2025,HOU,Ronel Blanco,rhp-s,rhp,RHP,802700,0.6
2025,MIL,Blake Perkins,cf,cf,CF,802500,0.4
2025,NYY,Austin Wells,c,c,C,801400,3
2025,NYY,Scott Effross,rhp,rhp,RHP,800000,0
2025,SEA,Bryce Miller,rhp,rhp,RHP,800000,0
2025,ARI,Brandon Pfaadt,rhp-s,rhp,RHP,799400,1.7
2025,DET,Tyler Holton,lhp,lhp,LHP,797700,-0.2
2025,DET,Kerry Carpenter,rf,rf,RF,796800,1.5
2025,NA,Francisco Álvarez,c,c,C,795000,NA
2025,HOU,Spencer Arrighetti,rhp,rhp,RHP,794200,-0.1
2025,KCR,Vinnie Pasquantino,1b,1b,1B,793250,1.5
2025,CHC,Javier Assad,rhp,rhp,RHP,793250,0.3
2025,ARI,Alek Thomas,cf,cf,CF,793000,0.5
2025,ARI,Gabriel Moreno,c,c,C,793000,2.7
2025,CLE,Bo Naylor,c,c,C,790300,1.5
2025,KCR,Michael Massey,2b,2b,2B,790250,-0.4
2025,ATL,Eli White,2b,2b,2B,790000,0.7
2025,TEX,Jake Burger,3b,3b,3B,790000,-0.1
2025,LAA,José Soriano,rhp-s,rhp,RHP,790000,3
2025,BOS,Connor Wong,c,c,C,790000,-0.7
2025,ATL,Chadwick Tromp,c,c,C,790000,-0.1
2025,LAA,Ian Anderson,rhp,rhp,RHP,790000,-0.1
2025,NA,Michael Grove,rhp,rhp,RHP,790000,NA
2025,NA,Tayler Scott,rhp,rhp,RHP,790000,NA
2025,LAA,Logan O'Hoppe,c,c,C,790000,-0.8
2025,SEA,Luke Raley,rf,rf,RF,787400,0.2
2025,DET,Reese Olson,rhp-s,rhp,RHP,787100,1.4
2025,TOR,Ryan Burr,rhp,rhp,RHP,786000,0.1
2025,DET,Spencer Torkelson,1b,1b,1B,785700,2.3
2025,PHI,Tanner Banks,lhp,lhp,LHP,785500,0.8
2025,CLE,Cade Smith,rhp,rhp,RHP,785100,2.7
2025,COL,Lucas Gilbreath,lhp,lhp,LHP,785000,0
2025,PIT,Oneil Cruz,cf,cf,CF,785000,1.6
2025,PIT,Dauri Moreta,rhp,rhp,RHP,785000,0.1
2025,PIT,Jack Suwinski,cf,cf,CF,785000,-0.5
2025,NYY,Fernando Cruz,rhp,rhp,RHP,785000,0.8
2025,NA,José Butto,rhp,rhp,RHP,784250,NA
2025,SDP,Bryan Hoeing,rhp,rhp,RHP,784000,0.1
2025,CHC,Vidal Bruján,2b,2b,2B,783500,0
2025,SEA,Bryan Woo,rhp,rhp,RHP,783300,3.6
2025,MIN,Jose Miranda,3b,3b,3B,783100,-0.4
2025,NA,Andrew Nardi,lhp,lhp,LHP,783000,NA
2025,STL,Nolan Gorman,inf-dh,inf,INF,782900,-0.2
2025,NYY,Ben Rice,c-1b,c,C,782800,3
2025,NA,Luis Ortiz,rhp,rhp,RHP,782600,NA
2025,KCR,Daniel Lynch IV,lhp-s,lhp,LHP,782500,-0.2
2025,CHC,Miguel Amaya,c,c,C,782500,0.8
2025,BAL,Gunnar Henderson,ss,ss,SS,782300,4.8
2025,DET,Alex Lange,rhp,rhp,RHP,782200,0
2025,CLE,David Fry,c-inf,c,C,781900,-0.6
2025,MIL,Tobias Myers,rhp,rhp,RHP,781800,0.4
2025,KCR,Freddy Fermin,c,c,C,781750,1
2025,DET,Parker Meadows,cf,cf,CF,781600,0.2
2025,TOR,Bowden Francis,rhp,rhp,RHP,781500,-0.8
2025,WSN,CJ Abrams,ss,ss,SS,780600,3.1
2025,NA,Josh H. Smith,ss-2b,ss,SS,780500,NA
2025,TEX,Josh Jung,3b,3b,3B,780500,1.7
2025,PHI,Rafael Marchán,c,c,C,780500,0.3
2025,CHC,Michael Busch,1b,1b,1B,780500,3.5
2025,TOR,Tyler Heineman,c,c,C,780300,2
2025,CLE,Gavin Williams,rhp-s,rhp,RHP,780300,1.4
2025,CHW,Penn Murfee,rhp,rhp,RHP,780000,-0.1
2025,CIN,Graham Ashcraft,rhp,rhp,RHP,780000,1.6
2025,CIN,TJ Friedl,lf,lf,LF,780000,2.9
2025,CIN,Spencer Steer,3b,3b,3B,780000,1
2025,LAA,Zach Neto,ss,ss,SS,780000,3.2
2025,ATL,Nick Allen,ss,ss,SS,780000,0.7
2025,SFG,Sam Huff,c,c,C,780000,-0.2
2025,SFG,Patrick Bailey,c,c,C,780000,3.2
2025,SFG,Ryan Walker,rhp,rhp,RHP,780000,0.6
2025,SFG,Heliot Ramos,of,of,OF,780000,1.1
2025,LAD,Emmet Sheehan,rhp,rhp,RHP,780000,2.1
2025,LAA,Ben Joyce,rhp,rhp,RHP,780000,-0.2
2025,TOR,Davis Schneider,inf,inf,INF,780000,1.3
2025,LAA,Nolan Schanuel,1b-of,1b,1B,780000,1.4
2025,BOS,Wilyer Abreu,of,of,OF,780000,2.4
2025,LAA,Sam Bachman,rhp,rhp,RHP,780000,0.2
2025,SFG,Casey Schmitt,3b,3b,3B,780000,0.7
2025,NA,Gavin Stone,rhp,rhp,RHP,780000,NA
2025,BOS,David Hamilton,ss-2b,ss,SS,780000,0.1
2025,SFG,Luis Matos,of,of,OF,780000,-0.2
2025,SFG,Tyler Fitzgerald,2b-ss,2b,2B,780000,0.1
2025,SFG,Erik Miller,lhp,lhp,LHP,780000,0.1
2025,HOU,Hayden Wesneski,rhp-s,rhp,RHP,779800,0.2
2025,MIA,Ryan Weathers,lhp-s,lhp,LHP,779100,0.2
2025,KCR,Angel Zerpa,lhp,lhp,LHP,779000,0.3
2025,CLE,Hunter Gaddis,rhp,rhp,RHP,778900,0.8
2025,NYM,Mark Vientos,3b,3b,3B,778750,0.4
2025,STL,Alec Burleson,of,of,OF,778650,2.1
2025,MIA,Otto Lopez,2b,2b,2B,778500,2.3
2025,MIN,Cole Sands,rhp,rhp,RHP,778050,0.8
2025,NA,Huascar Brazoban,rhp,rhp,RHP,778000,NA
2025,NA,Tyson Miller,rhp,rhp,RHP,778000,NA
2025,MIA,Ronny Henriquez,rhp,rhp,RHP,778000,1.3
2025,SEA,Matt Brash,rhp-s,rhp,RHP,777600,0.8
2025,CLE,Tim Herrin,lhp,lhp,LHP,777300,-0.4
2025,CLE,Logan Allen,lhp-s,lhp,LHP,777200,1.7
2025,MIL,Brice Turang,2b,2b,2B,777100,4.4
2025,NA,Jose Caballero,2b-ss,2b,2B,776800,NA
2025,MIL,Bryan Hudson,lhp,lhp,LHP,776800,-0.1
2025,KCR,Lucas Erceg,rhp,rhp,RHP,776750,0.9
2025,TEX,Ezequiel Duran,2b,2b,2B,776500,0
2025,SDP,Jeremiah Estrada,rhp,rhp,RHP,776500,1
2025,MIL,Jared Koenig,lhp,lhp,LHP,776300,0.9
2025,TBR,Kevin Kelly,rhp,rhp,RHP,776100,-0.5
2025,MIL,Joey Ortiz,ss,ss,SS,776000,1.4
2025,BOS,Justin Slaten,rhp,rhp,RHP,776000,0.4
2025,STL,Matthew Liberatore,lhp,lhp,LHP,775800,1.8
2025,SDP,Matt Waldron,rhp,rhp,RHP,775800,-0.1
2025,COL,Tyler Freeman,2b,2b,2B,775700,-0.7
2025,TBR,Richie Palacios,of-2b,of,OF,775700,0.1
2025,MIA,Calvin Faucher,rhp,rhp,RHP,775500,0
2025,TBR,Josh Lowe,rf-3b,rf,RF,775100,-0.1
2025,MIN,Joey Wentz,lhp,lhp,LHP,775000,1.1
2025,PIT,Ji Hwan Bae,2b,2b,2B,775000,-0.2
2025,PIT,Carmen Mlodzinski,rhp-s,rhp,RHP,775000,1.6
2025,PIT,Jared Triolo,2b,2b,2B,775000,1.4
2025,PIT,Endy Rodríguez,c,c,C,775000,-0.6
2025,PIT,Nick Gonzales,ss,ss,SS,775000,0.9
2025,NA,Jared Jones,rhp-s,rhp,RHP,775000,NA
2025,KCR,Maikel Garcia,3b,3b,3B,774750,5.6
2025,TBR,Ryan Pepiot,rhp-s,rhp,RHP,774600,2
2025,WSN,Jake Irvin,rhp-s,rhp,RHP,774600,-0.4
2025,BAL,Colton Cowser,of,of,OF,774500,0.6
2025,TBR,Taj Bradley,rhp,rhp,RHP,774200,1.8
2025,NYY,Jasson Domínguez,lf,lf,LF,774200,0.6
2025,NA,Romy González,2b,2b,2B,774000,NA
2025,BOS,Triston Casas,1b,1b,1B,774000,-0.6
2025,BOS,Brennan Bernardino,lhp,lhp,LHP,774000,0.6
2025,NYM,Brett Baty,3b,3b,3B,774000,2.3
2025,NA,Cody Bradford,lhp,lhp,LHP,774000,NA
2025,BOS,Greg Weissert,rhp,rhp,RHP,774000,0.7
2025,MIL,Elvis Peguero,rhp,rhp,RHP,773800,0
2025,NA,James McArthur,rhp,rhp,RHP,773750,NA
2025,PHI,Johan Rojas,of,of,OF,773500,0.4
2025,TEX,Wyatt Langford,lf,lf,LF,773500,4.1
2025,SEA,Collin Snider,rhp,rhp,RHP,773000,0.2
2025,PHI,Orion Kerkering,rhp,rhp,RHP,773000,0.7
2025,BAL,Yennier Cano,rhp,rhp,RHP,772900,0.1
2025,SDP,Randy Vásquez,rhp-s,rhp,RHP,772800,0.8
2025,MIN,Edouard Julien,2b,2b,2B,772750,-0.8
2025,BAL,Jordan Westburg,ss,ss,SS,772700,1.9
2025,NA,Oswald Peraza,ss,ss,SS,772700,NA
2025,TEX,Robert Garcia,lhp,lhp,LHP,772500,0.5
2025,ARI,Bryce Jarvis,rhp,rhp,RHP,772300,0
2025,ARI,Jose Herrera,c,c,C,772200,-0.3
2025,NA,Zack Thompson,lhp-s,lhp,LHP,772200,NA
2025,MIL,Garrett Mitchell,cf,cf,CF,772000,0.4
2025,NA,Jonah Bride,1b,1b,1B,772000,NA
2025,KCR,Dairon Blanco,lf-cf,lf,LF,772000,-0.1
2025,MIA,Xavier Edwards,ss,ss,SS,772000,2.5
2025,TBR,Christopher Morel,3b,3b,3B,771800,-0.1
2025,MIL,Sal Frelick,rf,rf,RF,771800,3.6
2025,TOR,Brendon Little,lhp,lhp,LHP,771800,1.3
2025,BOS,Zack Kelly,rhp,rhp,RHP,771500,0.4
2025,SEA,Gregory Santos,rhp,rhp,RHP,771100,-0.2
2025,NYM,Max Kranick,rhp,rhp,RHP,771000,0.3
2025,PHI,Kody Clemens,2b,2b,2B,771000,1.3
2025,CHW,Korey Lee,c,c,C,771000,0.2
2025,NA,Declan Cronin,rhp,rhp,RHP,771000,NA
2025,CLE,Brayan Rocchio,ss,ss,SS,771000,0.4
2025,CHC,Pete Crow-Armstrong,cf,cf,CF,771000,5.4
2025,STL,Masyn Winn,ss,ss,SS,770850,3.5
2025,NA,Grayson Rodriguez,rhp,rhp,RHP,770800,NA
2025,STL,Jordan Walker,rf,rf,RF,770800,-1.2
2025,MIN,Matt Wallner,rf,rf,RF,770750,1.4
2025,DET,Wenceel Pérez,cf,cf,CF,770700,1.7
2025,CHW,Miguel Vargas,3b,3b,3B,770400,1.3
2025,STL,Iván Herrera,c,c,C,770300,2.7
2025,STL,Michael Siani,of,of,OF,770250,-0.1
2025,CLE,Gabriel Arias,ss,ss,SS,770200,1.1
2025,TBR,Jonny DeLuca,lf,lf,LF,770100,0.6
2025,WSN,Mason Thompson,rhp,rhp,RHP,770000,-0.1
2025,COL,Jake Bird,rhp,rhp,RHP,770000,0.5
2025,ATH,JP Sears,lhp-s,lhp,LHP,770000,0.5
2025,ATH,JJ Bleday,cf,cf,CF,770000,-0.1
2025,ATH,Shea Langeliers,c,c,C,770000,3.9
2025,NA,Ken Waldichuk,lhp-s,lhp,LHP,770000,NA
2025,CLE,Nolan Jones,3b,3b,3B,770000,-0.4
2025,CIN,Matt McLain,ss,ss,SS,770000,1.4
2025,NA,Brandon Williamson,lhp,lhp,LHP,770000,NA
2025,CIN,Andrew Abbott,lhp,lhp,LHP,770000,3.9
2025,CIN,Elly De La Cruz,ss,ss,SS,770000,4.3
2025,HOU,Kaleb Ort,rhp,rhp,RHP,770000,-0.3
2025,CIN,Christian Encarnacion-Strand,1b-3b,1b,1B,770000,-0.6
2025,CHW,Lenyn Sosa,2b-ss,2b,2B,770000,1.3
2025,MIA,George Soriano,rhp,rhp,RHP,770000,-0.7
2025,HOU,Shawn Dubin,rhp,rhp,RHP,770000,-0.1
2025,LAD,Andy Pages,cf,cf,CF,770000,4.1
2025,SFG,Randy Rodríguez,rhp,rhp,RHP,770000,1.4
2025,ATL,Spencer Schwellenbach,rhp,rhp,RHP,770000,2.4
2025,NA,Jerar Encarnación,rf,rf,RF,770000,NA
2025,NA,Daysbel Hernandez,rhp,rhp,RHP,770000,NA
2025,ATL,Grant Holmes,rhp,rhp,RHP,770000,0.9
2025,NA,Kyle Hurt,rhp,rhp,RHP,770000,NA
2025,ATL,AJ Smith-Shawver,rhp,rhp,RHP,770000,0.6
2025,NA,River Ryan,rhp,rhp,RHP,770000,NA
2025,LAA,Jack Kochanowicz,rhp-s,rhp,RHP,770000,-0.6
2025,LAA,Kyren Paris,ss,ss,SS,770000,0.4
2025,LAA,Ryan Zeferjahn,rhp,rhp,RHP,770000,-0.6
2025,MIA,Eric Wagaman,inf,inf,INF,770000,-0.4
2025,ATL,Nacho Alvarez Jr.,ss-3b,ss,SS,770000,0.2
2025,NA,Alex Faedo,rhp,rhp,RHP,769900,NA
2025,HOU,J.P. France,rhp-s,rhp,RHP,769900,0.1
2025,MIA,Eury Pérez,rhp,rhp,RHP,769500,1.9
2025,NA,Jhony Brito,rhp,rhp,RHP,769500,NA
2025,TBR,Manuel Rodríguez,rhp,rhp,RHP,769400,0.7
2025,WSN,Alex Call,cf,cf,CF,769100,0.9
2025,CHW,Jonathan Cannon,rhp-s,rhp,RHP,769100,0.4
2025,NA,Alec Marsh,rhp,rhp,RHP,769000,NA
2025,MIA,Dane Myers,of,of,OF,769000,0
2025,BAL,Bryan Baker,rhp,rhp,RHP,768700,0.5
2025,WSN,Jacob Young,cf,cf,CF,768700,1
2025,TBR,Jesse Scholtens,rhp,rhp,RHP,768600,0.1
2025,STL,Ryan Fernandez,rhp,rhp,RHP,768600,-0.3
2025,STL,Pedro Pagés,c,c,C,768300,1.6
2025,MIN,Simeon Woods-Richardson,rhp-s,rhp,RHP,768250,1.2
2025,MIA,Kyle Stowers,lf,lf,LF,768200,4
2025,CHW,Cam Booser,lhp,lhp,LHP,768200,-0.6
2025,NA,Louie Varland,rhp,rhp,RHP,768150,NA
2025,MIA,Max Meyer,rhp-s,rhp,RHP,768000,0.5
2025,SEA,Miles Mastrobuoni,2b,2b,2B,768000,0.3
2025,NYY,Will Warren,rhp,rhp,RHP,767600,2.1
2025,PIT,Spencer Horwitz,1b,1b,1B,767500,1.7
2025,WSN,Mitchell Parker,lhp-s,lhp,LHP,767200,0.9
2025,DET,Brant Hurter,lhp,lhp,LHP,767100,0.6
2025,STL,Kyle Leahy,rhp,rhp,RHP,767000,1.4
2025,CHC,Porter Hodge,rhp,rhp,RHP,767000,-0.6
2025,CLE,Jhonkensy Noel,1b-3b,1b,1B,766900,-1.1
2025,TOR,Nathan Lukes,of,of,OF,766800,1.8
2025,TBR,Jonathan Aranda,2b,2b,2B,766500,2.5
2025,HOU,Bryan King,lhp,lhp,LHP,766400,0.7
2025,ARI,Blaze Alexander,ss,ss,SS,766300,1
2025,MIL,DL Hall,lhp-s,lhp,LHP,766100,0.4
2025,STL,Luken Baker,1b,1b,1B,766100,0
2025,BAL,Cade Povich,lhp-s,lhp,LHP,766100,1.4
2025,NYM,Ronny Mauricio,ss,ss,SS,766000,0.7
2025,CLE,Daniel Schneemann,3b,3b,3B,766000,1.3
2025,SEA,Emerson Hancock,rhp,rhp,RHP,766000,0
2025,DET,Brenan Hanifee,rhp,rhp,RHP,766000,0.6
2025,BOS,Richard Fitts,rhp-s,rhp,RHP,766000,-0.3
2025,NYM,Luisangel Acuña,ss,ss,SS,766000,0.4
2025,CHW,Jordan Leasure,rhp,rhp,RHP,765800,0.5
2025,CLE,Slade Cecconi,rhp,rhp,RHP,765500,0.7
2025,CHW,Davis Martin,rhp-s,rhp,RHP,765450,1.3
2025,NA,Jose Ferrer,lhp,lhp,LHP,765400,NA
2025,MIL,Robert Gasser,lhp,lhp,LHP,765400,-0.1
2025,HOU,Taylor Trammell,of,of,OF,765200,-0.2
2025,NYY,Yoendrys Gómez,rhp,rhp,RHP,765050,0.1
2025,ATH,Mason Miller,rhp-c,rhp,RHP,765000,2
2025,COL,Brenton Doyle,cf,cf,CF,765000,0.4
2025,COL,Sean Bouchard,1b,1b,1B,765000,-0.7
2025,NA,Luis Medina,rhp,rhp,RHP,765000,NA
2025,ATH,Zack Gelof,2b,2b,2B,765000,-0.3
2025,COL,Michael Toglia,1b,1b,1B,765000,-2.2
2025,ATH,Tyler Soderstrom,lf,lf,LF,765000,3.4
2025,COL,Victor Vodnik,rhp,rhp,RHP,765000,0.5
2025,COL,Hunter Goodman,c,c,C,765000,3.4
2025,ATH,Osvaldo Bido,rhp-s,rhp,RHP,765000,-0.6
2025,ATH,Max Schuemann,2b,2b,2B,765000,0.6
2025,ATH,Mitch Spence,rhp,rhp,RHP,765000,0
2025,CIN,Carson Spiers,rhp,rhp,RHP,765000,0
2025,SFG,Landen Roupp,rhp-s,rhp,RHP,765000,1.1
2025,SFG,Hayden Birdsong,rhp,rhp,RHP,765000,0
2025,SFG,Spencer Bivens,rhp,rhp,RHP,765000,0.4
2025,MIA,Valente Bellozo,rhp,rhp,RHP,765000,-0.2
2025,MIA,Connor Norby,2b,2b,2B,765000,0.5
2025,DET,Ryan Kreidler,ss,ss,SS,764900,-0.4
2025,BAL,Jackson Holliday,2b,2b,2B,764800,1.2
2025,NA,Drew Thorpe,rhp,rhp,RHP,764750,NA
2025,CLE,Erik Sabrowski,lhp,lhp,LHP,764700,0.3
2025,WSN,James Wood,lf,lf,LF,764600,3.3
2025,SDP,Alek Jacob,rhp,rhp,RHP,764500,-0.4
2025,NA,Christian Scott,rhp,rhp,RHP,764500,NA
2025,TEX,Gerson Garabito,rhp,rhp,RHP,764500,0
2025,MIN,Brooks Lee,3b-ss,3b,3B,764450,0.3
2025,NA,D.J. Herz,lhp,lhp,LHP,764200,NA
2025,STL,Chris Roycroft,rhp,rhp,RHP,764150,-0.1
2025,STL,Victor Scott II,cf,cf,CF,764150,1.7
2025,TBR,Junior Caminero,3b,3b,3B,764100,4.6
2025,BAL,Heston Kjerstad,of,of,OF,764000,-1.1
2025,PHI,Weston Wilson,3b-of,3b,3B,764000,-0.4
2025,MIA,Tyler Phillips,rhp,rhp,RHP,764000,0.1
2025,DET,Trey Sweeney,ss,ss,SS,764000,-0.9
2025,MIL,Oliver Dunn,2b-lf,2b,2B,763700,-0.3
2025,DET,Sawyer Gipson-Long,rhp,rhp,RHP,763600,-0.3
2025,NA,Carlos Narvaez,c,c,C,763500,NA
2025,NA,Zach Penrod,lhp,lhp,LHP,763500,NA
2025,TBR,Mason Englert,rhp,rhp,RHP,763400,0.6
2025,CHW,Fraser Ellard,lhp,lhp,LHP,763375,0
2025,NYY,Clayton Beeter,rhp,rhp,RHP,763325,0.2
2025,CLE,Kyle Manzardo,1b,1b,1B,763200,1.2
2025,HOU,Zach Dezenzo,3b,3b,3B,763200,0.1
2025,NYY,Brent Headrick,lhp,lhp,LHP,763125,0.1
2025,SDP,Sean Reynolds,rhp,rhp,RHP,763100,-0.3
2025,SEA,Jackson Kowar,rhp,rhp,RHP,763000,-0.2
2025,MIA,Matt Mervis,1b,1b,1B,763000,-0.4
2025,TOR,Will Wagner,2b,2b,2B,763000,-0.3
2025,MIA,Anthony Veneziano,lhp,lhp,LHP,762925,-0.2
2025,CLE,Joey Cantillo,lhp,lhp,LHP,762800,1.5
2025,NA,Blake Walston,lhp,lhp,LHP,762700,NA
2025,TBR,Hunter Bigge,rhp,rhp,RHP,762700,-0.2
2025,CHW,Brooks Baldwin,2b-3b,2b,2B,762625,-0.2
2025,CHW,Bryan Ramos,3b,3b,3B,762625,0
2025,NA,Prelander Berroa,rhp,rhp,RHP,762625,NA
2025,DET,Dillon Dingler,c,c,C,762600,4.1
2025,CHC,Ben Brown,rhp-s,rhp,RHP,762500,1.1
2025,MIA,Griffin Conine,of,of,OF,762500,0
2025,TEX,Jack Leiter,rhp-s,rhp,RHP,762500,2.2
2025,MIA,Lake Bachar,rhp,rhp,RHP,762500,0.1
2025,LAD,Ben Casparius,rhp,rhp,RHP,762500,1.3
2025,LAD,Edgardo Henriquez,rhp,rhp,RHP,762500,0.3
2025,MIN,Mickey Gasper,1b,1b,1B,762450,-0.7
2025,WSN,José Tena,ss,ss,SS,762400,0
2025,MIL,Abner Uribe,rhp,rhp,RHP,762200,1.7
2025,TBR,Curtis Mead,3b-1b,3b,3B,762200,0.1
2025,WSN,Eduardo Salazar,rhp,rhp,RHP,762200,-0.5
2025,BAL,Chayce McDermott,rhp,rhp,RHP,762200,-0.4
2025,CHW,Jacob Amaya,2b-ss,2b,2B,762125,-0.8
2025,SEA,Ryan Bliss,ss,ss,SS,762100,0
2025,BOS,Chris Murphy,lhp,lhp,LHP,762000,-0.2
2025,COL,Jordan Beck,of,of,OF,762000,0.9
2025,COL,Angel Chivilli,rhp,rhp,RHP,762000,-0.7
2025,COL,Bradley Blalock,rhp,rhp,RHP,762000,-1
2025,NA,Jeff Criswell,rhp,rhp,RHP,762000,NA
2025,COL,Luis Peralta,lhp,lhp,LHP,762000,-0.7
2025,COL,Seth Halvorsen,rhp,rhp,RHP,762000,-0.3
2025,WSN,Dylan Crews,rf,rf,RF,761800,0.2
2025,TBR,Mason Montgomery,lhp,lhp,LHP,761800,0.3
2025,SEA,Troy Taylor,rhp,rhp,RHP,761700,-0.2
2025,CIN,Blake Dunn,of,of,OF,761500,0.1
2025,NA,Julian Aguiar,rhp,rhp,RHP,761500,NA
2025,CIN,Jacob Hurtubise,rhp,rhp,RHP,761500,-0.1
2025,MIA,Graham Pauley,3b,3b,3B,761500,1
2025,NA,Rhett Lowder,rhp-s,rhp,RHP,761500,NA
2025,MIA,Javier Sanoja,ss-cf,ss,SS,761500,0.5
2025,TEX,Kumar Rocker,rhp-s,rhp,RHP,761500,0.3
2025,NA,Ty Madden,rhp,rhp,RHP,761400,NA
2025,HOU,Luis Contreras,rhp,rhp,RHP,761300,-0.1
2025,MIN,DaShawn Keirsey Jr.,cf,cf,CF,761250,-0.9
2025,SEA,Carlos Vargas,rhp,rhp,RHP,761200,-0.6
2025,NA,Vinny Capra,3b-lf,3b,3B,761100,NA
2025,MIL,Isaac Collins,lf,lf,LF,761100,2.6
2025,NA,Johnathan Rodriguez,of,of,OF,760900,NA
2025,DET,Jackson Jobe,rhp-s,rhp,RHP,760900,0.1
2025,NA,Ky Bush,lhp,lhp,LHP,760800,NA
2025,CHW,Brandon Eisert,lhp,lhp,LHP,760800,0.1
2025,TBR,Kameron Misner,of,of,OF,760700,0.3
2025,TEX,Marc Church,rhp,rhp,RHP,760500,0
2025,WSN,Zach Brzykcy,rhp,rhp,RHP,760400,-0.3
2025,NA,Pedro Leon,of-ss,of,OF,760400,NA
2025,CHW,Sean Burke,rhp-s,rhp,RHP,760350,0.7
2025,SDP,Brandon Lockridge,of,of,OF,760300,0.3
2025,WSN,Orlando Ribalta,rhp,rhp,RHP,760300,-0.3
2025,WSN,Cade Cavalli,rhp,rhp,RHP,760200,0.5
2025,ATH,Hogan Harris,lhp,lhp,LHP,760000,0.6
2025,ATH,Joey Estes,rhp-s,rhp,RHP,760000,-0.3
2025,ATH,Tyler Ferguson,rhp,rhp,RHP,760000,0.3
2025,NA,Michel Otanez,rhp,rhp,RHP,760000,NA
2025,ATH,Jacob Wilson,ss,ss,SS,760000,3.5
2025,ATH,Brett Harris,3b,3b,3B,760000,0.4
2025,MIA,Jhonny Pereda,c-1b,c,C,760000,0
2025,ATH,Brady Basso,lhp,lhp,LHP,760000,0.1
2025,ATH,Justin Sterner,rhp,rhp,RHP,760000,0.3
2025,HOU,Forrest Whitley,rhp,rhp,RHP,760000,-0.2
2025,HOU,Ryan Gusto,rhp,rhp,RHP,760000,0.8
2025,ATL,Drake Baldwin,c,c,C,760000,3.1
2025,NA,Angel Bastardo,rhp,rhp,RHP,760000,NA
2025,BOS,Kristian Campbell,2b,2b,2B,760000,-0.2
2025,SDP,Omar Cruz,lhp,lhp,LHP,760000,0
2025,LAD,Jack Dreyer,lhp,lhp,LHP,760000,1.7
2025,NYY,J.C. Escarra,c,c,C,760000,0.5
2025,MIA,Liam Hicks,c,c,C,760000,1
2025,LAA,Ryan Johnson,rhp,rhp,RHP,760000,-0.1
2025,SFG,Christian Koss,ss,ss,SS,760000,0.5
2025,NA,Nate Lavender,lhp,lhp,LHP,760000,NA
2025,WSN,Brad Lord,rhp,rhp,RHP,760000,1.2
2025,LAA,Garrett McDaniels,lhp,lhp,LHP,760000,-0.3
2025,ATH,Max Muncy,ss,ss,SS,760000,-0.4
2025,LAD,Max Muncy,ss,ss,SS,760000,2.9
2025,ATH,Noah Murdock,rhp,rhp,RHP,760000,0
2025,MIL,Chad Patrick,rhp,rhp,RHP,760000,2.6
2025,TOR,Alan Roden,of,of,OF,760000,-0.1
2025,NA,Rōki Sasaki,rhp-s,rhp,RHP,760000,NA
2025,NYM,Hayden Senger,c,c,C,760000,0
2025,CHC,Matt Shaw,3b,3b,3B,760000,1.4
2025,HOU,Cam Smith,rf,rf,RF,760000,1
2025,CHW,Shane Smith,rhp,rhp,RHP,760000,2.2
2025,MIL,Connor Thomas,lhp,lhp,LHP,760000,-0.2
2025,CHW,Mike Vasil,rhp,rhp,RHP,760000,0.4
2025,CHC,Gage Workman,ss,ss,SS,760000,-0.2
